Text,URL
21-00-00/200,../../AMM_PART2_1285/CHAPTER_21/MPP1285_21-00-00-02-1.PDF#nameddest=REF-O010371
21-00-00-860-801-A,../../AMM_PART2_1285/CHAPTER_21/MPP1285_21-00-00-02-1.PDF#nameddest=REF-O001889
21-00-00-860-802-A,../../AMM_PART2_1285/CHAPTER_21/MPP1285_21-00-00-02-1.PDF#nameddest=REF-O001890
21-00-00-860-803-A,../../AMM_PART2_1285/CHAPTER_21/MPP1285_21-00-00-02-1.PDF#nameddest=REF-O001891
21-00-00-860-804-A,../../AMM_PART2_1285/CHAPTER_21/MPP1285_21-00-00-02-1.PDF#nameddest=REF-O001892
21-20-00/500,../../AMM_PART2_1285/CHAPTER_21/MPP1285_21-20-00-05-1.PDF#nameddest=REF-O012932
21-20-00-700-801-A,../../AMM_PART2_1285/CHAPTER_21/MPP1285_21-20-00-05-1.PDF#nameddest=REF-O001893
21-20-00/800,../../AMM_PART2_1285/CHAPTER_21/MPP1285_21-20-00-08-1.PDF#nameddest=REF-O010373
21-20-00-300-801-A,../../AMM_PART2_1285/CHAPTER_21/MPP1285_21-20-00-08-1.PDF#nameddest=REF-O001898
21-20-00-300-802-A,../../AMM_PART2_1285/CHAPTER_21/MPP1285_21-20-00-08-1.PDF#nameddest=REF-O001899
21-20-00-300-803-A,../../AMM_PART2_1285/CHAPTER_21/MPP1285_21-20-00-08-1.PDF#nameddest=REF-O001900
21-20-00-300-804-A,../../AMM_PART2_1285/CHAPTER_21/MPP1285_21-20-00-08-1.PDF#nameddest=REF-O001901
21-20-02/800,../../AMM_PART2_1285/CHAPTER_21/MPP1285_21-20-02-08-1.PDF#nameddest=REF-O014091
21-20-02-300-801-A,../../AMM_PART2_1285/CHAPTER_21/MPP1285_21-20-02-08-1.PDF#nameddest=REF-O014086
21-20-03/400,../../AMM_PART2_1285/CHAPTER_21/MPP1285_21-20-03-04-1.PDF#nameddest=REF-O012930
21-20-03-000-801-A,../../AMM_PART2_1285/CHAPTER_21/MPP1285_21-20-03-04-1.PDF#nameddest=REF-O001910
21-20-03-400-801-A,../../AMM_PART2_1285/CHAPTER_21/MPP1285_21-20-03-04-1.PDF#nameddest=REF-O001911
21-21-00/500,../../AMM_PART2_1285/CHAPTER_21/MPP1285_21-21-00-05-1.PDF#nameddest=REF-O010376
21-21-00-700-801-A,../../AMM_PART2_1285/CHAPTER_21/MPP1285_21-21-00-05-1.PDF#nameddest=REF-O001916
21-21-01/400,../../AMM_PART2_1285/CHAPTER_21/MPP1285_21-21-01-04-1.PDF#nameddest=REF-O010377
21-21-01-000-801-A,../../AMM_PART2_1285/CHAPTER_21/MPP1285_21-21-01-04-1.PDF#nameddest=REF-O001917
21-21-01-400-801-A,../../AMM_PART2_1285/CHAPTER_21/MPP1285_21-21-01-04-1.PDF#nameddest=REF-O001918
21-21-02/600,../../AMM_PART2_1285/CHAPTER_21/MPP1285_21-21-02-06-1.PDF#nameddest=REF-O010378
21-21-02-200-801-A,../../AMM_PART2_1285/CHAPTER_21/MPP1285_21-21-02-06-1.PDF#nameddest=REF-O001919
21-21-03/600,../../AMM_PART2_1285/CHAPTER_21/MPP1285_21-21-03-06-1.PDF#nameddest=REF-O010379
21-21-03-200-801-A,../../AMM_PART2_1285/CHAPTER_21/MPP1285_21-21-03-06-1.PDF#nameddest=REF-O001920
21-21-04/400,../../AMM_PART2_1285/CHAPTER_21/MPP1285_21-21-04-04-1.PDF#nameddest=REF-O010380
21-21-04-000-801-A,../../AMM_PART2_1285/CHAPTER_21/MPP1285_21-21-04-04-1.PDF#nameddest=REF-O001921
21-21-04-400-801-A,../../AMM_PART2_1285/CHAPTER_21/MPP1285_21-21-04-04-1.PDF#nameddest=REF-O001922
21-22-04/500,../../AMM_PART2_1285/CHAPTER_21/MPP1285_21-22-04-05-1.PDF#nameddest=REF-O014310
21-22-04-700-801-A,../../AMM_PART2_1285/CHAPTER_21/MPP1285_21-22-04-05-1.PDF#nameddest=REF-O014311
21-23-05/400,../../AMM_PART2_1285/CHAPTER_21/MPP1285_21-23-05-04-1.PDF#nameddest=REF-O010388
21-23-05-000-801-A,../../AMM_PART2_1285/CHAPTER_21/MPP1285_21-23-05-04-1.PDF#nameddest=REF-O001964
21-23-05-400-801-A,../../AMM_PART2_1285/CHAPTER_21/MPP1285_21-23-05-04-1.PDF#nameddest=REF-O001965
21-23-05/500,../../AMM_PART2_1285/CHAPTER_21/MPP1285_21-23-05-05-1.PDF#nameddest=REF-O010389
21-23-05-700-801-A,../../AMM_PART2_1285/CHAPTER_21/MPP1285_21-23-05-05-1.PDF#nameddest=REF-0001531
21-23-06/400,../../AMM_PART2_1285/CHAPTER_21/MPP1285_21-23-06-04-1.PDF#nameddest=REF-O016429
21-23-06-000-801-A,../../AMM_PART2_1285/CHAPTER_21/MPP1285_21-23-06-04-1.PDF#nameddest=REF-O016430
21-23-06-400-801-A,../../AMM_PART2_1285/CHAPTER_21/MPP1285_21-23-06-04-1.PDF#nameddest=REF-O016431
21-24-01/400,../../AMM_PART2_1285/CHAPTER_21/MPP1285_21-24-01-04-1.PDF#nameddest=REF-O012941
21-24-01-000-801-A,../../AMM_PART2_1285/CHAPTER_21/MPP1285_21-24-01-04-1.PDF#nameddest=REF-O001967
21-24-01-400-801-A,../../AMM_PART2_1285/CHAPTER_21/MPP1285_21-24-01-04-1.PDF#nameddest=REF-O001968
21-24-01-040-801-A,../../AMM_PART2_1285/CHAPTER_21/MPP1285_21-24-01-04-1.PDF#nameddest=REF-O014995
21-24-01-440-801-A,../../AMM_PART2_1285/CHAPTER_21/MPP1285_21-24-01-04-1.PDF#nameddest=REF-O014996
21-24-02/200,../../AMM_PART2_1285/CHAPTER_21/MPP1285_21-24-02-02-1.PDF#nameddest=REF-O012940
21-24-02-910-801-A,../../AMM_PART2_1285/CHAPTER_21/MPP1285_21-24-02-02-1.PDF#nameddest=REF-O001969
21-24-02/400,../../AMM_PART2_1285/CHAPTER_21/MPP1285_21-24-02-04-1.PDF#nameddest=REF-O012942
21-24-02-000-801-A,../../AMM_PART2_1285/CHAPTER_21/MPP1285_21-24-02-04-1.PDF#nameddest=REF-O001970
21-24-02-400-801-A,../../AMM_PART2_1285/CHAPTER_21/MPP1285_21-24-02-04-1.PDF#nameddest=REF-O001971
21-24-02/600,../../AMM_PART2_1285/CHAPTER_21/MPP1285_21-24-02-06-1.PDF#nameddest=REF-O010390
21-24-02-200-801-A,../../AMM_PART2_1285/CHAPTER_21/MPP1285_21-24-02-06-1.PDF#nameddest=REF-O001972
21-24-02/700,../../AMM_PART2_1285/CHAPTER_21/MPP1285_21-24-02-07-1.PDF#nameddest=REF-O012943
21-24-02-100-801-A,../../AMM_PART2_1285/CHAPTER_21/MPP1285_21-24-02-07-1.PDF#nameddest=REF-O001973
21-24-03/400,../../AMM_PART2_1285/CHAPTER_21/MPP1285_21-24-03-04-1.PDF#nameddest=REF-O016432
21-24-03-000-801-A,../../AMM_PART2_1285/CHAPTER_21/MPP1285_21-24-03-04-1.PDF#nameddest=REF-O016433
21-24-03-400-801-A,../../AMM_PART2_1285/CHAPTER_21/MPP1285_21-24-03-04-1.PDF#nameddest=REF-O016434
21-25-01/400,../../AMM_PART2_1285/CHAPTER_21/MPP1285_21-25-01-04-1.PDF#nameddest=REF-O012944
21-25-01-000-801-A,../../AMM_PART2_1285/CHAPTER_21/MPP1285_21-25-01-04-1.PDF#nameddest=REF-O001974
21-25-01-400-801-A,../../AMM_PART2_1285/CHAPTER_21/MPP1285_21-25-01-04-1.PDF#nameddest=REF-O001975
21-25-01-040-801-A,../../AMM_PART2_1285/CHAPTER_21/MPP1285_21-25-01-04-1.PDF#nameddest=REF-O014997
21-25-01-440-801-A,../../AMM_PART2_1285/CHAPTER_21/MPP1285_21-25-01-04-1.PDF#nameddest=REF-O014998
21-25-01/500,../../AMM_PART2_1285/CHAPTER_21/MPP1285_21-25-01-05-1.PDF#nameddest=REF-O010391
21-25-01-700-801-A,../../AMM_PART2_1285/CHAPTER_21/MPP1285_21-25-01-05-1.PDF#nameddest=REF-O001978
21-25-01/600,../../AMM_PART2_1285/CHAPTER_21/MPP1285_21-25-01-06-1.PDF#nameddest=REF-O010392
21-25-01-200-801-A,../../AMM_PART2_1285/CHAPTER_21/MPP1285_21-25-01-06-1.PDF#nameddest=REF-O001979
21-25-02/400,../../AMM_PART2_1285/CHAPTER_21/MPP1285_21-25-02-04-1.PDF#nameddest=REF-O010393
21-25-02-000-801-A,../../AMM_PART2_1285/CHAPTER_21/MPP1285_21-25-02-04-1.PDF#nameddest=REF-O001980
21-25-02-400-801-A,../../AMM_PART2_1285/CHAPTER_21/MPP1285_21-25-02-04-1.PDF#nameddest=REF-O001981
21-25-02-040-801-A,../../AMM_PART2_1285/CHAPTER_21/MPP1285_21-25-02-04-1.PDF#nameddest=REF-O014999
21-25-02-440-801-A,../../AMM_PART2_1285/CHAPTER_21/MPP1285_21-25-02-04-1.PDF#nameddest=REF-O015000
21-25-03/200,../../AMM_PART2_1285/CHAPTER_21/MPP1285_21-25-03-02-1.PDF#nameddest=REF-O014385
21-25-03-800-801-A,../../AMM_PART2_1285/CHAPTER_21/MPP1285_21-25-03-02-1.PDF#nameddest=REF-O014384
21-25-03/400,../../AMM_PART2_1285/CHAPTER_21/MPP1285_21-25-03-04-1.PDF#nameddest=REF-O012945
21-25-03-000-801-A,../../AMM_PART2_1285/CHAPTER_21/MPP1285_21-25-03-04-1.PDF#nameddest=REF-O001982
21-25-03-400-801-A,../../AMM_PART2_1285/CHAPTER_21/MPP1285_21-25-03-04-1.PDF#nameddest=REF-O001983
21-26-00/500,../../AMM_PART2_1285/CHAPTER_21/MPP1285_21-26-00-05-1.PDF#nameddest=REF-O010398
21-26-00-700-801-A,../../AMM_PART2_1285/CHAPTER_21/MPP1285_21-26-00-05-1.PDF#nameddest=REF-O001992
21-26-01/400,../../AMM_PART2_1285/CHAPTER_21/MPP1285_21-26-01-04-1.PDF#nameddest=REF-O010399
21-26-01-000-801-A,../../AMM_PART2_1285/CHAPTER_21/MPP1285_21-26-01-04-1.PDF#nameddest=REF-O001993
21-26-01-400-801-A,../../AMM_PART2_1285/CHAPTER_21/MPP1285_21-26-01-04-1.PDF#nameddest=REF-O001994
21-26-02/400,../../AMM_PART2_1285/CHAPTER_21/MPP1285_21-26-02-04-1.PDF#nameddest=REF-O010400
21-26-02-000-801-A,../../AMM_PART2_1285/CHAPTER_21/MPP1285_21-26-02-04-1.PDF#nameddest=REF-O001995
21-26-02-400-801-A,../../AMM_PART2_1285/CHAPTER_21/MPP1285_21-26-02-04-1.PDF#nameddest=REF-O001996
21-26-03/400,../../AMM_PART2_1285/CHAPTER_21/MPP1285_21-26-03-04-1.PDF#nameddest=REF-O010401
21-26-03-000-801-A,../../AMM_PART2_1285/CHAPTER_21/MPP1285_21-26-03-04-1.PDF#nameddest=REF-O001997
21-26-03-400-801-A,../../AMM_PART2_1285/CHAPTER_21/MPP1285_21-26-03-04-1.PDF#nameddest=REF-O001998
21-26-04/400,../../AMM_PART2_1285/CHAPTER_21/MPP1285_21-26-04-04-1.PDF#nameddest=REF-O010402
21-26-04-000-801-A,../../AMM_PART2_1285/CHAPTER_21/MPP1285_21-26-04-04-1.PDF#nameddest=REF-O001999
21-26-04-400-801-A,../../AMM_PART2_1285/CHAPTER_21/MPP1285_21-26-04-04-1.PDF#nameddest=REF-O002000
21-26-06/300,../../AMM_PART2_1285/CHAPTER_21/MPP1285_21-26-06-03-1.PDF#nameddest=REF-O010403
21-26-06-600-801-A,../../AMM_PART2_1285/CHAPTER_21/MPP1285_21-26-06-03-1.PDF#nameddest=REF-O002001
21-26-06/400,../../AMM_PART2_1285/CHAPTER_21/MPP1285_21-26-06-04-1.PDF#nameddest=REF-O010404
21-26-06-000-801-A,../../AMM_PART2_1285/CHAPTER_21/MPP1285_21-26-06-04-1.PDF#nameddest=REF-O002002
21-26-06-400-801-A,../../AMM_PART2_1285/CHAPTER_21/MPP1285_21-26-06-04-1.PDF#nameddest=REF-O002003
21-26-06/700,../../AMM_PART2_1285/CHAPTER_21/MPP1285_21-26-06-07-1.PDF#nameddest=REF-O010405
21-26-06-100-801-A,../../AMM_PART2_1285/CHAPTER_21/MPP1285_21-26-06-07-1.PDF#nameddest=REF-O002004
21-26-08/200,../../AMM_PART2_1285/CHAPTER_21/MPP1285_21-26-08-02-1.PDF#nameddest=REF-O010406
21-26-08-960-801-A,../../AMM_PART2_1285/CHAPTER_21/MPP1285_21-26-08-02-1.PDF#nameddest=REF-O002005
21-26-08/400,../../AMM_PART2_1285/CHAPTER_21/MPP1285_21-26-08-04-1.PDF#nameddest=REF-O010407
21-26-08-000-801-A,../../AMM_PART2_1285/CHAPTER_21/MPP1285_21-26-08-04-1.PDF#nameddest=REF-O002006
21-26-08-400-801-A,../../AMM_PART2_1285/CHAPTER_21/MPP1285_21-26-08-04-1.PDF#nameddest=REF-O002007
21-26-11/400,../../AMM_PART2_1285/CHAPTER_21/MPP1285_21-26-11-04-1.PDF#nameddest=REF-O010410
21-26-11-000-801-A,../../AMM_PART2_1285/CHAPTER_21/MPP1285_21-26-11-04-1.PDF#nameddest=REF-O002011
21-26-11-400-801-A,../../AMM_PART2_1285/CHAPTER_21/MPP1285_21-26-11-04-1.PDF#nameddest=REF-O002012
21-27-00/400,../../AMM_PART2_1285/CHAPTER_21/MPP1285_21-27-00-04-1.PDF#nameddest=REF-O015599
21-27-00-040-801-A,../../AMM_PART2_1285/CHAPTER_21/MPP1285_21-27-00-04-1.PDF#nameddest=REF-O015602
21-27-00-440-801-A,../../AMM_PART2_1285/CHAPTER_21/MPP1285_21-27-00-04-1.PDF#nameddest=REF-O015601
21-27-00/500,../../AMM_PART2_1285/CHAPTER_21/MPP1285_21-27-00-05-1.PDF#nameddest=REF-O010411
21-27-00-700-801-A,../../AMM_PART2_1285/CHAPTER_21/MPP1285_21-27-00-05-1.PDF#nameddest=REF-O002013
21-27-01/400,../../AMM_PART2_1285/CHAPTER_21/MPP1285_21-27-01-04-1.PDF#nameddest=REF-O010412
21-27-01-000-801-A,../../AMM_PART2_1285/CHAPTER_21/MPP1285_21-27-01-04-1.PDF#nameddest=REF-O002014
21-27-01-400-801-A,../../AMM_PART2_1285/CHAPTER_21/MPP1285_21-27-01-04-1.PDF#nameddest=REF-O002015
21-27-02/300,../../AMM_PART2_1285/CHAPTER_21/MPP1285_21-27-02-03-1.PDF#nameddest=REF-O010413
21-27-02-600-801-A,../../AMM_PART2_1285/CHAPTER_21/MPP1285_21-27-02-03-1.PDF#nameddest=REF-O002016
21-27-02/400,../../AMM_PART2_1285/CHAPTER_21/MPP1285_21-27-02-04-1.PDF#nameddest=REF-O010414
21-27-02-000-801-A,../../AMM_PART2_1285/CHAPTER_21/MPP1285_21-27-02-04-1.PDF#nameddest=REF-O002017
21-27-02-400-801-A,../../AMM_PART2_1285/CHAPTER_21/MPP1285_21-27-02-04-1.PDF#nameddest=REF-O002018
21-27-02/500,../../AMM_PART2_1285/CHAPTER_21/MPP1285_21-27-02-05-1.PDF#nameddest=REF-O010415
21-27-02-700-801-A,../../AMM_PART2_1285/CHAPTER_21/MPP1285_21-27-02-05-1.PDF#nameddest=REF-O002019
21-30-00/400,../../AMM_PART2_1285/CHAPTER_21/MPP1285_21-30-00-04-1.PDF#nameddest=REF-O015615
21-30-00-040-801-A,../../AMM_PART2_1285/CHAPTER_21/MPP1285_21-30-00-04-1.PDF#nameddest=REF-O015616
21-30-00-440-801-A,../../AMM_PART2_1285/CHAPTER_21/MPP1285_21-30-00-04-1.PDF#nameddest=REF-O015617
21-31-00/200,../../AMM_PART2_1285/CHAPTER_21/MPP1285_21-31-00-02-1.PDF#nameddest=REF-O014936
21-31-00-860-801-A,../../AMM_PART2_1285/CHAPTER_21/MPP1285_21-31-00-02-1.PDF#nameddest=REF-O014937
21-31-00-860-802-A,../../AMM_PART2_1285/CHAPTER_21/MPP1285_21-31-00-02-1.PDF#nameddest=REF-O014938
21-31-01/400,../../AMM_PART2_1285/CHAPTER_21/MPP1285_21-31-01-04-1.PDF#nameddest=REF-O010442
21-31-01-000-801-A,../../AMM_PART2_1285/CHAPTER_21/MPP1285_21-31-01-04-1.PDF#nameddest=REF-O002068
21-31-01-400-801-A,../../AMM_PART2_1285/CHAPTER_21/MPP1285_21-31-01-04-1.PDF#nameddest=REF-O002069
21-31-01/600,../../AMM_PART2_1285/CHAPTER_21/MPP1285_21-31-01-06-1.PDF#nameddest=REF-O010443
21-31-01-900-801-A,../../AMM_PART2_1285/CHAPTER_21/MPP1285_21-31-01-06-1.PDF#nameddest=REF-O002070
21-31-02/400,../../AMM_PART2_1285/CHAPTER_21/MPP1285_21-31-02-04-1.PDF#nameddest=REF-O010444
21-31-02-000-801-A,../../AMM_PART2_1285/CHAPTER_21/MPP1285_21-31-02-04-1.PDF#nameddest=REF-O002071
21-31-02-400-801-A,../../AMM_PART2_1285/CHAPTER_21/MPP1285_21-31-02-04-1.PDF#nameddest=REF-O002072
21-31-03/400,../../AMM_PART2_1285/CHAPTER_21/MPP1285_21-31-03-04-1.PDF#nameddest=REF-O010445
21-31-03-000-801-A,../../AMM_PART2_1285/CHAPTER_21/MPP1285_21-31-03-04-1.PDF#nameddest=REF-O002073
21-31-03-400-801-A,../../AMM_PART2_1285/CHAPTER_21/MPP1285_21-31-03-04-1.PDF#nameddest=REF-O002074
21-31-03-040-801-A,../../AMM_PART2_1285/CHAPTER_21/MPP1285_21-31-03-04-1.PDF#nameddest=REF-O015609
21-31-03-440-801-A,../../AMM_PART2_1285/CHAPTER_21/MPP1285_21-31-03-04-1.PDF#nameddest=REF-O015610
21-31-03/700,../../AMM_PART2_1285/CHAPTER_21/MPP1285_21-31-03-07-1.PDF#nameddest=REF-O010446
21-31-03-100-801-A,../../AMM_PART2_1285/CHAPTER_21/MPP1285_21-31-03-07-1.PDF#nameddest=REF-O002075
21-31-04/400,../../AMM_PART2_1285/CHAPTER_21/MPP1285_21-31-04-04-1.PDF#nameddest=REF-O010447
21-31-04-000-801-A,../../AMM_PART2_1285/CHAPTER_21/MPP1285_21-31-04-04-1.PDF#nameddest=REF-O002076
21-31-04-400-801-A,../../AMM_PART2_1285/CHAPTER_21/MPP1285_21-31-04-04-1.PDF#nameddest=REF-O002077
21-31-04-040-801-A,../../AMM_PART2_1285/CHAPTER_21/MPP1285_21-31-04-04-1.PDF#nameddest=REF-O015611
21-31-04-440-801-A,../../AMM_PART2_1285/CHAPTER_21/MPP1285_21-31-04-04-1.PDF#nameddest=REF-O015612
21-31-04/700,../../AMM_PART2_1285/CHAPTER_21/MPP1285_21-31-04-07-1.PDF#nameddest=REF-O010448
21-31-04-100-801-A,../../AMM_PART2_1285/CHAPTER_21/MPP1285_21-31-04-07-1.PDF#nameddest=REF-O002078
21-31-05/400,../../AMM_PART2_1285/CHAPTER_21/MPP1285_21-31-05-04-1.PDF#nameddest=REF-O010449
21-31-05-000-801-A,../../AMM_PART2_1285/CHAPTER_21/MPP1285_21-31-05-04-1.PDF#nameddest=REF-O002079
21-31-05-400-801-A,../../AMM_PART2_1285/CHAPTER_21/MPP1285_21-31-05-04-1.PDF#nameddest=REF-O002080
21-31-06/400,../../AMM_PART2_1285/CHAPTER_21/MPP1285_21-31-06-04-1.PDF#nameddest=REF-O010450
21-31-06-000-801-A,../../AMM_PART2_1285/CHAPTER_21/MPP1285_21-31-06-04-1.PDF#nameddest=REF-O002081
21-31-06-400-801-A,../../AMM_PART2_1285/CHAPTER_21/MPP1285_21-31-06-04-1.PDF#nameddest=REF-O002082
21-31-07/400,../../AMM_PART2_1285/CHAPTER_21/MPP1285_21-31-07-04-1.PDF#nameddest=REF-O010451
21-31-07-000-801-A,../../AMM_PART2_1285/CHAPTER_21/MPP1285_21-31-07-04-1.PDF#nameddest=REF-O002085
21-31-07-400-801-A,../../AMM_PART2_1285/CHAPTER_21/MPP1285_21-31-07-04-1.PDF#nameddest=REF-O002086
21-31-08/200,../../AMM_PART2_1285/CHAPTER_21/MPP1285_21-31-08-02-1.PDF#nameddest=REF-O010452
21-31-08-960-801-A,../../AMM_PART2_1285/CHAPTER_21/MPP1285_21-31-08-02-1.PDF#nameddest=REF-O002087
21-31-11/400,../../AMM_PART2_1285/CHAPTER_21/MPP1285_21-31-11-04-1.PDF#nameddest=REF-O010453
21-31-11-000-801-A,../../AMM_PART2_1285/CHAPTER_21/MPP1285_21-31-11-04-1.PDF#nameddest=REF-O002096
21-31-11-400-801-A,../../AMM_PART2_1285/CHAPTER_21/MPP1285_21-31-11-04-1.PDF#nameddest=REF-O002097
21-31-13/400,../../AMM_PART2_1285/CHAPTER_21/MPP1285_21-31-13-04-1.PDF#nameddest=REF-O010454
21-31-13-000-801-A,../../AMM_PART2_1285/CHAPTER_21/MPP1285_21-31-13-04-1.PDF#nameddest=REF-O002098
21-31-13-400-801-A,../../AMM_PART2_1285/CHAPTER_21/MPP1285_21-31-13-04-1.PDF#nameddest=REF-O002099
21-31-13/700,../../AMM_PART2_1285/CHAPTER_21/MPP1285_21-31-13-07-1.PDF#nameddest=REF-O010455
21-31-13-100-801-A,../../AMM_PART2_1285/CHAPTER_21/MPP1285_21-31-13-07-1.PDF#nameddest=REF-O002100
21-32-01/400,../../AMM_PART2_1285/CHAPTER_21/MPP1285_21-32-01-04-1.PDF#nameddest=REF-O010456
21-32-01-000-801-A,../../AMM_PART2_1285/CHAPTER_21/MPP1285_21-32-01-04-1.PDF#nameddest=REF-O002101
21-32-01-400-801-A,../../AMM_PART2_1285/CHAPTER_21/MPP1285_21-32-01-04-1.PDF#nameddest=REF-O002102
21-32-01-040-801-A,../../AMM_PART2_1285/CHAPTER_21/MPP1285_21-32-01-04-1.PDF#nameddest=REF-O015603
21-32-01-440-801-A,../../AMM_PART2_1285/CHAPTER_21/MPP1285_21-32-01-04-1.PDF#nameddest=REF-O015604
21-32-01/500,../../AMM_PART2_1285/CHAPTER_21/MPP1285_21-32-01-05-1.PDF#nameddest=REF-O010457
21-32-01-700-801-A,../../AMM_PART2_1285/CHAPTER_21/MPP1285_21-32-01-05-1.PDF#nameddest=REF-O002103
21-51-00/200,../../AMM_PART2_1285/CHAPTER_21/MPP1285_21-51-00-02-1.PDF#nameddest=REF-0001605
21-51-00-200-801-A,../../AMM_PART2_1285/CHAPTER_21/MPP1285_21-51-00-02-1.PDF#nameddest=REF-0001606
21-51-00/400,../../AMM_PART2_1285/CHAPTER_21/MPP1285_21-51-00-04-1.PDF#nameddest=REF-O015605
21-51-00-040-801-A,../../AMM_PART2_1285/CHAPTER_21/MPP1285_21-51-00-04-1.PDF#nameddest=REF-O015607
21-51-00-440-801-A,../../AMM_PART2_1285/CHAPTER_21/MPP1285_21-51-00-04-1.PDF#nameddest=REF-O015608
21-51-01/400,../../AMM_PART2_1285/CHAPTER_21/MPP1285_21-51-01-04-1.PDF#nameddest=REF-O010460
21-51-01-000-801-A,../../AMM_PART2_1285/CHAPTER_21/MPP1285_21-51-01-04-1.PDF#nameddest=REF-O002113
21-51-01-400-801-A,../../AMM_PART2_1285/CHAPTER_21/MPP1285_21-51-01-04-1.PDF#nameddest=REF-O002114
21-51-01-000-802-A,../../AMM_PART2_1285/CHAPTER_21/MPP1285_21-51-01-04-1.PDF#nameddest=REF-O002115
21-51-01-400-802-A,../../AMM_PART2_1285/CHAPTER_21/MPP1285_21-51-01-04-1.PDF#nameddest=REF-O002116
21-51-01/700,../../AMM_PART2_1285/CHAPTER_21/MPP1285_21-51-01-07-1.PDF#nameddest=REF-O010461
21-51-01-100-801-A,../../AMM_PART2_1285/CHAPTER_21/MPP1285_21-51-01-07-1.PDF#nameddest=REF-O002117
21-51-01-100-802-A,../../AMM_PART2_1285/CHAPTER_21/MPP1285_21-51-01-07-1.PDF#nameddest=REF-O002118
21-51-02/400,../../AMM_PART2_1285/CHAPTER_21/MPP1285_21-51-02-04-1.PDF#nameddest=REF-O010462
21-51-02-000-801-A,../../AMM_PART2_1285/CHAPTER_21/MPP1285_21-51-02-04-1.PDF#nameddest=REF-O002119
21-51-02-400-801-A,../../AMM_PART2_1285/CHAPTER_21/MPP1285_21-51-02-04-1.PDF#nameddest=REF-O002120
21-51-02/700,../../AMM_PART2_1285/CHAPTER_21/MPP1285_21-51-02-07-1.PDF#nameddest=REF-O013886
21-51-02-100-801-A,../../AMM_PART2_1285/CHAPTER_21/MPP1285_21-51-02-07-1.PDF#nameddest=REF-O002123
21-51-02-100-802-A,../../AMM_PART2_1285/CHAPTER_21/MPP1285_21-51-02-07-1.PDF#nameddest=REF-O002124
21-51-03/400,../../AMM_PART2_1285/CHAPTER_21/MPP1285_21-51-03-04-1.PDF#nameddest=REF-O010463
21-51-03-000-801-A,../../AMM_PART2_1285/CHAPTER_21/MPP1285_21-51-03-04-1.PDF#nameddest=REF-O002126
21-51-03-400-801-A,../../AMM_PART2_1285/CHAPTER_21/MPP1285_21-51-03-04-1.PDF#nameddest=REF-O002127
21-51-03/600,../../AMM_PART2_1285/CHAPTER_21/MPP1285_21-51-03-06-1.PDF#nameddest=REF-O016289
21-51-03-210-801-A,../../AMM_PART2_1285/CHAPTER_21/MPP1285_21-51-03-06-1.PDF#nameddest=REF-O016290
21-51-03-290-801-A,../../AMM_PART2_1285/CHAPTER_21/MPP1285_21-51-03-06-1.PDF#nameddest=REF-O016373
21-51-04/400,../../AMM_PART2_1285/CHAPTER_21/MPP1285_21-51-04-04-1.PDF#nameddest=REF-O010464
21-51-04-000-801-A,../../AMM_PART2_1285/CHAPTER_21/MPP1285_21-51-04-04-1.PDF#nameddest=REF-O002128
21-51-04-400-801-A,../../AMM_PART2_1285/CHAPTER_21/MPP1285_21-51-04-04-1.PDF#nameddest=REF-O002129
21-51-05/400,../../AMM_PART2_1285/CHAPTER_21/MPP1285_21-51-05-04-1.PDF#nameddest=REF-O010465
21-51-05-000-801-A,../../AMM_PART2_1285/CHAPTER_21/MPP1285_21-51-05-04-1.PDF#nameddest=REF-O002130
21-51-05-400-801-A,../../AMM_PART2_1285/CHAPTER_21/MPP1285_21-51-05-04-1.PDF#nameddest=REF-O002131
21-51-06/400,../../AMM_PART2_1285/CHAPTER_21/MPP1285_21-51-06-04-1.PDF#nameddest=REF-O010466
21-51-06-000-801-A,../../AMM_PART2_1285/CHAPTER_21/MPP1285_21-51-06-04-1.PDF#nameddest=REF-O002132
21-51-06-400-801-A,../../AMM_PART2_1285/CHAPTER_21/MPP1285_21-51-06-04-1.PDF#nameddest=REF-O002133
21-51-07/400,../../AMM_PART2_1285/CHAPTER_21/MPP1285_21-51-07-04-1.PDF#nameddest=REF-O010467
21-51-07-000-801-A,../../AMM_PART2_1285/CHAPTER_21/MPP1285_21-51-07-04-1.PDF#nameddest=REF-O002134
21-51-07-400-801-A,../../AMM_PART2_1285/CHAPTER_21/MPP1285_21-51-07-04-1.PDF#nameddest=REF-O002135
21-51-08/400,../../AMM_PART2_1285/CHAPTER_21/MPP1285_21-51-08-04-1.PDF#nameddest=REF-O010468
21-51-08-000-801-A,../../AMM_PART2_1285/CHAPTER_21/MPP1285_21-51-08-04-1.PDF#nameddest=REF-O002136
21-51-08-400-801-A,../../AMM_PART2_1285/CHAPTER_21/MPP1285_21-51-08-04-1.PDF#nameddest=REF-O002137
21-51-09/400,../../AMM_PART2_1285/CHAPTER_21/MPP1285_21-51-09-04-1.PDF#nameddest=REF-O010469
21-51-09-000-801-A,../../AMM_PART2_1285/CHAPTER_21/MPP1285_21-51-09-04-1.PDF#nameddest=REF-O002138
21-51-09-400-801-A,../../AMM_PART2_1285/CHAPTER_21/MPP1285_21-51-09-04-1.PDF#nameddest=REF-O002139
21-51-09/500,../../AMM_PART2_1285/CHAPTER_21/MPP1285_21-51-09-05-1.PDF#nameddest=REF-O014484
21-51-09-700-801-A,../../AMM_PART2_1285/CHAPTER_21/MPP1285_21-51-09-05-1.PDF#nameddest=REF-O014263
21-51-10/400,../../AMM_PART2_1285/CHAPTER_21/MPP1285_21-51-10-04-1.PDF#nameddest=REF-O010470
21-51-10-000-801-A,../../AMM_PART2_1285/CHAPTER_21/MPP1285_21-51-10-04-1.PDF#nameddest=REF-O002140
21-51-10-400-801-A,../../AMM_PART2_1285/CHAPTER_21/MPP1285_21-51-10-04-1.PDF#nameddest=REF-O002141
21-51-10/500,../../AMM_PART2_1285/CHAPTER_21/MPP1285_21-51-10-05-1.PDF#nameddest=REF-O010471
21-51-10-700-801-A,../../AMM_PART2_1285/CHAPTER_21/MPP1285_21-51-10-05-1.PDF#nameddest=REF-O002142
21-51-11/200,../../AMM_PART2_1285/CHAPTER_21/MPP1285_21-51-11-02-1.PDF#nameddest=REF-O010472
21-51-11-900-801-A,../../AMM_PART2_1285/CHAPTER_21/MPP1285_21-51-11-02-1.PDF#nameddest=REF-O002143
21-51-11-960-801-A,../../AMM_PART2_1285/CHAPTER_21/MPP1285_21-51-11-02-1.PDF#nameddest=REF-O002144
21-51-13/400,../../AMM_PART2_1285/CHAPTER_21/MPP1285_21-51-13-04-1.PDF#nameddest=REF-O013887
21-51-13-000-801-A,../../AMM_PART2_1285/CHAPTER_21/MPP1285_21-51-13-04-1.PDF#nameddest=REF-O002148
21-51-13-400-801-A,../../AMM_PART2_1285/CHAPTER_21/MPP1285_21-51-13-04-1.PDF#nameddest=REF-O002149
21-51-13-000-802-A,../../AMM_PART2_1285/CHAPTER_21/MPP1285_21-51-13-04-1.PDF#nameddest=REF-O002150
21-51-13-400-802-A,../../AMM_PART2_1285/CHAPTER_21/MPP1285_21-51-13-04-1.PDF#nameddest=REF-O002151
21-51-13/600,../../AMM_PART2_1285/CHAPTER_21/MPP1285_21-51-13-06-1.PDF#nameddest=REF-O010475
21-51-13-200-801-A,../../AMM_PART2_1285/CHAPTER_21/MPP1285_21-51-13-06-1.PDF#nameddest=REF-O002152
21-51-13/700,../../AMM_PART2_1285/CHAPTER_21/MPP1285_21-51-13-07-1.PDF#nameddest=REF-O010476
21-51-13-100-801-A,../../AMM_PART2_1285/CHAPTER_21/MPP1285_21-51-13-07-1.PDF#nameddest=REF-O002153
21-51-14/600,../../AMM_PART2_1285/CHAPTER_21/MPP1285_21-51-14-06-1.PDF#nameddest=REF-O017574
21-51-14-200-801-A,../../AMM_PART2_1285/CHAPTER_21/MPP1285_21-51-14-06-1.PDF#nameddest=REF-O017575
21-60-00/500,../../AMM_PART2_1285/CHAPTER_21/MPP1285_21-60-00-05-1.PDF#nameddest=REF-O013888
21-60-00-700-801-A,../../AMM_PART2_1285/CHAPTER_21/MPP1285_21-60-00-05-1.PDF#nameddest=REF-O002221
21-60-01/400,../../AMM_PART2_1285/CHAPTER_21/MPP1285_21-60-01-04-1.PDF#nameddest=REF-O010513
21-60-01-000-801-A,../../AMM_PART2_1285/CHAPTER_21/MPP1285_21-60-01-04-1.PDF#nameddest=REF-O002222
21-60-01-400-801-A,../../AMM_PART2_1285/CHAPTER_21/MPP1285_21-60-01-04-1.PDF#nameddest=REF-O002223
21-60-02/400,../../AMM_PART2_1285/CHAPTER_21/MPP1285_21-60-02-04-1.PDF#nameddest=REF-O013889
21-60-02-000-801-A,../../AMM_PART2_1285/CHAPTER_21/MPP1285_21-60-02-04-1.PDF#nameddest=REF-O002224
21-60-02-400-801-A,../../AMM_PART2_1285/CHAPTER_21/MPP1285_21-60-02-04-1.PDF#nameddest=REF-O002225
21-60-02/700,../../AMM_PART2_1285/CHAPTER_21/MPP1285_21-60-02-07-1.PDF#nameddest=REF-O016002
21-60-02-100-801-A,../../AMM_PART2_1285/CHAPTER_21/MPP1285_21-60-02-07-1.PDF#nameddest=REF-O016003
21-60-03/400,../../AMM_PART2_1285/CHAPTER_21/MPP1285_21-60-03-04-1.PDF#nameddest=REF-O010514
21-60-03-000-801-A,../../AMM_PART2_1285/CHAPTER_21/MPP1285_21-60-03-04-1.PDF#nameddest=REF-O002226
21-60-03-400-801-A,../../AMM_PART2_1285/CHAPTER_21/MPP1285_21-60-03-04-1.PDF#nameddest=REF-O002227
21-60-04/400,../../AMM_PART2_1285/CHAPTER_21/MPP1285_21-60-04-04-1.PDF#nameddest=REF-O010515
21-60-04-000-801-A,../../AMM_PART2_1285/CHAPTER_21/MPP1285_21-60-04-04-1.PDF#nameddest=REF-O002228
21-60-04-400-801-A,../../AMM_PART2_1285/CHAPTER_21/MPP1285_21-60-04-04-1.PDF#nameddest=REF-O002229
21-60-05/400,../../AMM_PART2_1285/CHAPTER_21/MPP1285_21-60-05-04-1.PDF#nameddest=REF-O010516
21-60-05-000-801-A,../../AMM_PART2_1285/CHAPTER_21/MPP1285_21-60-05-04-1.PDF#nameddest=REF-O002230
21-60-05-400-801-A,../../AMM_PART2_1285/CHAPTER_21/MPP1285_21-60-05-04-1.PDF#nameddest=REF-O002231
21-60-08/200,../../AMM_PART2_1285/CHAPTER_21/MPP1285_21-60-08-02-1.PDF#nameddest=REF-O013890
21-60-08-960-801-A,../../AMM_PART2_1285/CHAPTER_21/MPP1285_21-60-08-02-1.PDF#nameddest=REF-O002234
